{"cameraMode":{"drawMode":0,"name":"Shaded","section":"Shading Mode"},"sceneLighting":false,"audioPlay":false,"sceneViewState":{"showFog":false,"showMaterialUpdate":false,"showSkybox":false,"showFlares":false,"showImageEffects":false,"showParticleSystems":false},"in2DMode":false,"pivot":{"x":4.518382549285889,"y":0.28926414251327517,"z":7.389999866485596},"rotation":{"x":0.054790716618299487,"y":0.9324836134910584,"z":-0.15489690005779267,"w":0.3221258223056793},"size":7.88361930847168,"orthographic":true}