{"cameraMode":{"drawMode":0,"name":"Shaded","section":"Shading Mode"},"sceneLighting":true,"audioPlay":false,"sceneViewState":{"showFog":true,"showMaterialUpdate":false,"showSkybox":true,"showFlares":true,"showImageEffects":true,"showParticleSystems":true},"in2DMode":false,"pivot":{"x":0.034338414669036868,"y":1.203330159187317,"z":0.9236505031585693},"rotation":{"x":0.14680255949497224,"y":0.08594183623790741,"z":-0.012803995981812477,"w":0.985342800617218},"size":4.950000286102295,"orthographic":false}